<?xml version="1.0"?>
<application name="Optimum Asset Explorer 2016">
    <users>
        <user>
            <username>assetadmin</username>
            <password>P@$$w0rd</password>
            <approved>true</approved>
        </user>
        <user>
            <username>productviewer</username>
            <password>P@$$w0rd</password>
            <approved>true</approved>
        </user>
        <user>
            <username>locationviewer</username>
            <password>P@$$w0rd</password>
            <approved>true</approved>
        </user>
        <user>
            <username>vendorviewer</username>
            <password>P@$$w0rd</password>
            <approved>true</approved>
        </user>
        <user>
            <username>productreceiptviewer</username>
            <password>P@$$w0rd</password>
            <approved>true</approved>
        </user>
        <user>
            <username>productissueviewer</username>
            <password>P@$$w0rd</password>
            <approved>true</approved>
        </user>
        <user>
            <username>localeviewer</username>
            <password>P@$$w0rd</password>
            <approved>true</approved>
        </user>
        <user>
            <username>emailrecipientviewer</username>
            <password>P@$$w0rd</password>
            <approved>true</approved>
        </user>
        <user>
            <username>emailtemplateviewer</username>
            <password>P@$$w0rd</password>
            <approved>true</approved>
        </user>
        <user>
            <username>alertviewer</username>
            <password>P@$$w0rd</password>
            <approved>true</approved>
        </user>
        <user>
            <username>siteviewer</username>
            <password>P@$$w0rd</password>
            <approved>true</approved>
        </user>
        <user>
            <username>sitedocumentviewer</username>
            <password>P@$$w0rd</password>
            <approved>true</approved>
        </user>
        <user>
            <username>assetviewer</username>
            <password>P@$$w0rd</password>
            <approved>true</approved>
        </user>
        <user>
            <username>assetdocumentviewer</username>
            <password>P@$$w0rd</password>
            <approved>true</approved>
        </user>
    </users>
    <permissions>
        <permission>
            <name>Read Products</name>
        </permission>
        <permission>
            <name>Write Products</name>
        </permission>
        <permission>
            <name>Read Locations</name>
        </permission>
        <permission>
            <name>Write Locations</name>
        </permission>
        <permission>
            <name>Read Vendors</name>
        </permission>
        <permission>
            <name>Write Vendors</name>
        </permission>
        <permission>
            <name>Read Product Receipts</name>
        </permission>
        <permission>
            <name>Write Product Receipts</name>
        </permission>
        <permission>
            <name>Read Product Issues</name>
        </permission>
        <permission>
            <name>Write Product Issues</name>
        </permission>
        <permission>
            <name>Read Locales</name>
        </permission>
        <permission>
            <name>Write Locales</name>
        </permission>
        <permission>
            <name>Read Email Recipients</name>
        </permission>
        <permission>
            <name>Write Email Recipients</name>
        </permission>
        <permission>
            <name>Read Email Templates</name>
        </permission>
        <permission>
            <name>Write Email Templates</name>
        </permission>
        <permission>
            <name>Read Alerts</name>
        </permission>
        <permission>
            <name>Write Alerts</name>
        </permission>
        <permission>
            <name>Read Sites</name>
        </permission>
        <permission>
            <name>Write Sites</name>
        </permission>
        <permission>
            <name>Read Site Documents</name>
        </permission>
        <permission>
            <name>Write Site Documents</name>
        </permission>
        <permission>
            <name>Read Assets</name>
        </permission>
        <permission>
            <name>Write Assets</name>
        </permission>
        <permission>
            <name>Read Asset Documents</name>
        </permission>
        <permission>
            <name>Write Asset Documents</name>
        </permission>
		       <permission>
            <name>Read Manufacturers</name>
        </permission>
        <permission>
            <name>Write Manufacturers</name>
        </permission>
        <permission>
            <name>Read Asset Types</name>
        </permission>
        <permission>
            <name>Write Asset Types</name>
        </permission>

    </permissions>
    <roles>
        <role>
            <name>Product Managers</name>
            <users>
                <user>
                    <username>assetadmin</username>
                </user>
            </users>
            <permissions>
                <permission>
                    <name>Read Products</name>
                </permission>
                <permission>
                    <name>Write Products</name>
                </permission>
            </permissions>
        </role>
        <role>
            <name>Location Managers</name>
            <users>
                <user>
                    <username>assetadmin</username>
                </user>
            </users>
            <permissions>
                <permission>
                    <name>Read Locations</name>
                </permission>
                <permission>
                    <name>Write Locations</name>
                </permission>
            </permissions>
        </role>
        <role>
            <name>Vendor Managers</name>
            <users>
                <user>
                    <username>assetadmin</username>
                </user>
            </users>
            <permissions>
                <permission>
                    <name>Read Vendors</name>
                </permission>
                <permission>
                    <name>Write Vendors</name>
                </permission>
            </permissions>
        </role>
        <role>
            <name>Product Receipt Managers</name>
            <users>
                <user>
                    <username>assetadmin</username>
                </user>
            </users>
            <permissions>
                <permission>
                    <name>Read Product Receipts</name>
                </permission>
                <permission>
                    <name>Write Product Receipts</name>
                </permission>
            </permissions>
        </role>
        <role>
            <name>Product Issue Managers</name>
            <users>
                <user>
                    <username>assetadmin</username>
                </user>
            </users>
            <permissions>
                <permission>
                    <name>Read Product Issues</name>
                </permission>
                <permission>
                    <name>Write Product Issues</name>
                </permission>
            </permissions>
        </role>
        <role>
            <name>Locale Managers</name>
            <users>
                <user>
                    <username>assetadmin</username>
                </user>
            </users>
            <permissions>
                <permission>
                    <name>Read Locales</name>
                </permission>
                <permission>
                    <name>Write Locales</name>
                </permission>
            </permissions>
        </role>
        <role>
            <name>Email Recipient Managers</name>
            <users>
                <user>
                    <username>assetadmin</username>
                </user>
            </users>
            <permissions>
                <permission>
                    <name>Read Email Recipients</name>
                </permission>
                <permission>
                    <name>Write Email Recipients</name>
                </permission>
            </permissions>
        </role>
        <role>
            <name>Email Template Managers</name>
            <users>
                <user>
                    <username>assetadmin</username>
                </user>
            </users>
            <permissions>
                <permission>
                    <name>Read Email Templates</name>
                </permission>
                <permission>
                    <name>Write Email Templates</name>
                </permission>
            </permissions>
        </role>
        <role>
            <name>Alert Managers</name>
            <users>
                <user>
                    <username>assetadmin</username>
                </user>
            </users>
            <permissions>
                <permission>
                    <name>Read Alerts</name>
                </permission>
                <permission>
                    <name>Write Alerts</name>
                </permission>
            </permissions>
        </role>
        <role>
            <name>Site Managers</name>
            <users>
                <user>
                    <username>assetadmin</username>
                </user>
            </users>
            <permissions>
                <permission>
                    <name>Read Sites</name>
                </permission>
                <permission>
                    <name>Write Sites</name>
                </permission>
            </permissions>
        </role>
        <role>
            <name>Site Document Managers</name>
            <users>
                <user>
                    <username>assetadmin</username>
                </user>
            </users>
            <permissions>
                <permission>
                    <name>Read Site Documents</name>
                </permission>
                <permission>
                    <name>Write Site Documents</name>
                </permission>
            </permissions>
        </role>
        <role>
            <name>Asset Managers</name>
            <users>
                <user>
                    <username>assetadmin</username>
                </user>
            </users>
            <permissions>
                <permission>
                    <name>Read Assets</name>
                </permission>
                <permission>
                    <name>Write Assets</name>
                </permission>
            </permissions>
        </role>
        <role>
            <name>Asset Document Managers</name>
            <users>
                <user>
                    <username>assetadmin</username>
                </user>
            </users>
            <permissions>
                <permission>
                    <name>Read Asset Documents</name>
                </permission>
                <permission>
                    <name>Write Asset Documents</name>
                </permission>
            </permissions>
        </role>
		      <role>
            <name>Manufacturer Managers</name>
            <users>
                <user>
                    <username>assetadmin</username>
                </user>
            </users>
            <permissions>
                <permission>
                    <name>Read Manufacturers</name>
                </permission>
                <permission>
                    <name>Write Manufacturers</name>
                </permission>
            </permissions>
        </role>
        <role>
            <name>Asset Type Managers</name>
            <users>
                <user>
                    <username>assetadmin</username>
                </user>
            </users>
            <permissions>
                <permission>
                    <name>Read Asset Types</name>
                </permission>
                <permission>
                    <name>Write Asset Types</name>
                </permission>
            </permissions>
        </role>
        <role>
            <name>Product Viewers</name>
            <users>
                <user>
                    <username>productviewer</username>
                </user>
            </users>
            <permissions>
                <permission>
                    <name>Read Products</name>
                </permission>
            </permissions>
        </role>
        <role>
            <name>Location Viewers</name>
            <users>
                <user>
                    <username>locationviewer</username>
                </user>
            </users>
            <permissions>
                <permission>
                    <name>Read Locations</name>
                </permission>
                <permission>
                    <name>Read Products</name>
                </permission>
            </permissions>
        </role>
        <role>
            <name>Vendor Viewers</name>
            <users>
                <user>
                    <username>vendorviewer</username>
                </user>
            </users>
            <permissions>
                <permission>
                    <name>Read Vendors</name>
                </permission>
            </permissions>
        </role>
        <role>
            <name>Product Receipt Viewers</name>
            <users>
                <user>
                    <username>productreceiptviewer</username>
                </user>
            </users>
            <permissions>
                <permission>
                    <name>Read Product Receipts</name>
                </permission>
                <permission>
                    <name>Read Products</name>
                </permission>
            </permissions>
        </role>
        <role>
            <name>Product Issue Viewers</name>
            <users>
                <user>
                    <username>productissueviewer</username>
                </user>
            </users>
            <permissions>
                <permission>
                    <name>Read Product Issues</name>
                </permission>
                <permission>
                    <name>Read Products</name>
                </permission>
            </permissions>
        </role>
        <role>
            <name>Locale Viewers</name>
            <users>
                <user>
                    <username>localeviewer</username>
                </user>
            </users>
            <permissions>
                <permission>
                    <name>Read Locales</name>
                </permission>
            </permissions>
        </role>
        <role>
            <name>Email Recipient Viewers</name>
            <users>
                <user>
                    <username>emailrecipientviewer</username>
                </user>
            </users>
            <permissions>
                <permission>
                    <name>Read Email Recipients</name>
                </permission>
            </permissions>
        </role>
        <role>
            <name>Email Template Viewers</name>
            <users>
                <user>
                    <username>emailtemplateviewer</username>
                </user>
            </users>
            <permissions>
                <permission>
                    <name>Read Email Templates</name>
                </permission>
            </permissions>
        </role>
        <role>
            <name>Alert Viewers</name>
            <users>
                <user>
                    <username>alertviewer</username>
                </user>
            </users>
            <permissions>
                <permission>
                    <name>Read Alerts</name>
                </permission>
                <permission>
                    <name>Read Email Recipients</name>
                </permission>
                <permission>
                    <name>Read Email Templates</name>
                </permission>
            </permissions>
        </role>
        <role>
            <name>Site Viewers</name>
            <users>
                <user>
                    <username>siteviewer</username>
                </user>
            </users>
            <permissions>
                <permission>
                    <name>Read Sites</name>
                </permission>
            </permissions>
        </role>
        <role>
            <name>Site Document Viewers</name>
            <users>
                <user>
                    <username>sitedocumentviewer</username>
                </user>
            </users>
            <permissions>
                <permission>
                    <name>Read Site Documents</name>
                </permission>
            </permissions>
        </role>
        <role>
            <name>Asset Viewers</name>
            <users>
                <user>
                    <username>assetviewer</username>
                </user>
            </users>
            <permissions>
                <permission>
                    <name>Read Assets</name>
                </permission>
            </permissions>
        </role>
        <role>
            <name>Asset Document Viewers</name>
            <users>
                <user>
                    <username>assetdocumentviewer</username>
                </user>
            </users>
            <permissions>
                <permission>
                    <name>Read Asset Documents</name>
                </permission>
            </permissions>
        </role>
		      <role>
            <name>Manufacturer Viewers</name>
            <users>
                <user>
                    <username>manufacturerviewer</username>
                </user>
            </users>
            <permissions>
                <permission>
                    <name>Read Manufacturers</name>
                </permission>
            </permissions>
        </role>
        <role>
            <name>Asset Type Viewers</name>
            <users>
                <user>
                    <username>assettypeviewer</username>
                </user>
            </users>
            <permissions>
                <permission>
                    <name>Read Asset Types</name>
                </permission>
            </permissions>
        </role>
    </roles>
</application>