<?xml version="1.0" encoding="UTF-8"?>
<faces-config
    xmlns="http://java.sun.com/xml/ns/javaee"
    xmlns:xsi="http://www.w3.org/2001/XMLSchema-instance"
    xsi:schemaLocation="http://java.sun.com/xml/ns/javaee 
    http://java.sun.com/xml/ns/javaee/web-facesconfig_2_0.xsd"
    version="2.0">
    <application>
        <locale-config>
            <default-locale>en</default-locale>
        </locale-config>
        <resource-bundle>
            <base-name>org.optimum.stock.management.ui.Labels</base-name>
            <var>labels</var>
        </resource-bundle>
        <resource-bundle>
            <base-name>org.optimum.stock.management.ui.ValidationMessages</base-name>
            <var>valMsg</var>
        </resource-bundle>
        <converter>
            <description>A converter for integer</description>
            <converter-id>javax.faces.convert.IntegerConverter</converter-id>
            <converter-class>
                javax.faces.convert.IntegerConverter
            </converter-class>
        </converter>
        <converter>
            <description>A converter for boolean</description>
            <converter-id>javax.faces.convert.BooleanConverter</converter-id>
            <converter-class>
                javax.faces.convert.BooleanConverter
            </converter-class>
        </converter>
        <factory>
            <exception-handler-factory>org.optimum.stock.management.ui.handlers.DefaultExceptionHandlerFactory</exception-handler-factory>
        </factory> 
    </application>
</faces-config>