<?xml version="1.0" encoding="UTF-8" standalone="yes"?>
<items>
	<item>
		<number>ITM0001</number>
		<name>Item 1</name>
		<reorder_point>100</reorder_point>
	</item>
	<item>
		<number>ITM0002</number>
		<name>Item 2</name>
		<reorder_point>101</reorder_point>
	</item>
	<item>
		<number>ITM0003</number>
		<name>Item 3</name>
		<reorder_point>102</reorder_point>
	</item>
	<item>
		<number>ITM0004</number>
		<name>Item 4</name>
		<reorder_point>103</reorder_point>
	</item>
	<item>
		<number>ITM0005</number>
		<name>Item 5</name>
		<reorder_point>104</reorder_point>
	</item>
	<item>
		<number>ITM0006</number>
		<name>Item 6</name>
		<reorder_point>105</reorder_point>
	</item>
	<item>
		<number>ITM0007</number>
		<name>Item 7</name>
		<reorder_point>106</reorder_point>
	</item>
	<item>
		<number>ITM0008</number>
		<name>Item 8</name>
		<reorder_point>107</reorder_point>
	</item>
	<item>
		<number>ITM0009</number>
		<name>Item 9</name>
		<reorder_point>108</reorder_point>
	</item>
</items>