<?xml version="1.0" encoding="UTF-8" standalone="yes"?>
<sites>
	<asset>
		<serialNumber>GMAE05724010</serialNumber>
		<name>TOSHIBA_S75_001</name>
		<productNumber>PDT-0001_LP</productNumber>
	</asset>
	<asset>
		<serialNumber>GMAE05724011</serialNumber>
		<name>TOSHIBA_S75_002</name>
		<productNumber>PDT-0001_LP</productNumber>
	</asset>
	<asset>
		<serialNumber>GMAE05724012</serialNumber>
		<name>TOSHIBA_S75_003</name>
		<productNumber>PDT-0001_LP</productNumber>
	</asset>
	<asset>
		<serialNumber>GMAE05724013</serialNumber>
		<name>TOSHIBA_S75_004</name>
		<productNumber>PDT-0001_LP</productNumber>
	</asset>
	<asset>
		<serialNumber>GMAE05724014</serialNumber>
		<name>TOSHIBA_S75_005</name>
		<productNumber>PDT-0001_LP</productNumber>
	</asset>
	<asset>
		<serialNumber>GMAE05724015</serialNumber>
		<name>TOSHIBA_S75_006</name>
		<productNumber>PDT-0001_LP</productNumber>
	</asset>
	<asset>
		<serialNumber>GMAE05724016</serialNumber>
		<name>TOSHIBA_S75_007</name>
		<productNumber>PDT-0001_LP</productNumber>
	</asset>
	<asset>
		<serialNumber>GMAE05724017</serialNumber>
		<name>TOSHIBA_S75_008</name>
		<productNumber>PDT-0001_LP</productNumber>
	</asset>
	<asset>
		<serialNumber>GMAE05724018</serialNumber>
		<name>TOSHIBA_S75_009</name>
		<productNumber>PDT-0001_LP</productNumber>
	</asset>
	<asset>
		<serialNumber>GMAE05724019</serialNumber>
		<name>TOSHIBA_S75_010</name>
		<productNumber>PDT-0001_LP</productNumber>
	</asset>
	<asset>
		<serialNumber>GMAE05724020</serialNumber>
		<name>TOSHIBA_S75_011</name>
		<productNumber>PDT-0001_LP</productNumber>
	</asset>
	<asset>
		<serialNumber>GMAE05724021</serialNumber>
		<name>TOSHIBA_S75_012</name>
		<productNumber>PDT-0001_LP</productNumber>
	</asset>
	<asset>
		<serialNumber>GMAE05724022</serialNumber>
		<name>TOSHIBA_S75_013</name>
		<productNumber>PDT-0001_LP</productNumber>
	</asset>
</sites>