<?xml version="1.0" encoding="UTF-8" standalone="yes"?>
<sites>
	<asset>
		<serialNumber>GMAE05724011</serialNumber>
		<name>Toshiba S75</name>
		<manufacturer> Toshiba Inc.</manufacturer>
	</asset>
	<asset>
		<serialNumber>GMAE05724012</serialNumber>
		<name>Toshiba S76</name>
		<manufacturer> Toshiba Inc.</manufacturer>
	</asset>
	<asset>
		<serialNumber>GMAE05724013</serialNumber>
		<name>Toshiba S77</name>
		<manufacturer> Toshiba Inc.</manufacturer>
	</asset>
	<asset>
		<serialNumber>GMAE05724014</serialNumber>
		<name>Toshiba S78</name>
		<manufacturer> Toshiba Inc.</manufacturer>
	</asset>
	<asset>
		<serialNumber>GMAE05724015</serialNumber>
		<name>Toshiba S79</name>
		<manufacturer> Toshiba Inc.</manufacturer>
	</asset>
	<asset>
		<serialNumber>GMAE05724016</serialNumber>
		<name>Toshiba S80</name>
		<manufacturer> Toshiba Inc.</manufacturer>
	</asset>
	<asset>
		<serialNumber>GMAE05724017</serialNumber>
		<name>Toshiba S81</name>
		<manufacturer> Toshiba Inc.</manufacturer>
	</asset>
	<asset>
		<serialNumber>GMAE05724018</serialNumber>
		<name>Toshiba S82</name>
		<manufacturer> Toshiba Inc.</manufacturer>
	</asset>
	<asset>
		<serialNumber>GMAE05724019</serialNumber>
		<name>Toshiba S83</name>
		<manufacturer> Toshiba Inc.</manufacturer>
	</asset>
	<asset>
		<serialNumber>GMAE05724020</serialNumber>
		<name>Toshiba S84</name>
		<manufacturer> Toshiba Inc.</manufacturer>
	</asset>
	<asset>
		<serialNumber>GMAE05724021</serialNumber>
		<name>Toshiba S85</name>
		<manufacturer> Toshiba Inc.</manufacturer>
	</asset>
	<asset>
		<serialNumber>GMAE05724022</serialNumber>
		<name>Toshiba S86</name>
		<manufacturer> Toshiba Inc.</manufacturer>
	</asset>
	<asset>
		<serialNumber>GMAE05724023</serialNumber>
		<name>Toshiba S87</name>
		<manufacturer> Toshiba Inc.</manufacturer>
	</asset>
	<asset>
		<serialNumber>GMAE05724024</serialNumber>
		<name>Toshiba S88</name>
		<manufacturer> Toshiba Inc.</manufacturer>
	</asset>
	<asset>
		<serialNumber>GMAE05724025</serialNumber>
		<name>Toshiba S89</name>
		<manufacturer> Toshiba Inc.</manufacturer>
	</asset>
	<asset>
		<serialNumber>GMAE05724026</serialNumber>
		<name>Toshiba S90</name>
		<manufacturer> Toshiba Inc.</manufacturer>
	</asset>
	<asset>
		<serialNumber>GMAE05724027</serialNumber>
		<name>Toshiba S91</name>
		<manufacturer> Toshiba Inc.</manufacturer>
	</asset>
</sites>