<?xml version="1.0" encoding="UTF-8" standalone="yes"?>
<sites>
	<site>
		<name>Site 1</name>
		<address>Address 1</address>
		<location>South West</location>
		<status>DECOMMISSIONED</status>
		<dateOfCommissioning/>
		<dateOfDecommissioning>2015-04-15</dateOfDecommissioning>
	</site>
	<site>
		<name>Site 2</name>
		<address>Address 2</address>
		<location>South West</location>
		<status>DECOMMISSIONED</status>
		<dateOfCommissioning/>
		<dateOfDecommissioning>2015-04-16</dateOfDecommissioning>
	</site>
	<site>
		<name>Site 3</name>
		<address>Address 3</address>
		<location>South West</location>
		<status>DECOMMISSIONED</status>
		<dateOfCommissioning/>
		<dateOfDecommissioning>2015-04-17</dateOfDecommissioning>
	</site>
	<site>
		<name>Site 4</name>
		<address>Address 4</address>
		<location>South West</location>
		<status>DECOMMISSIONED</status>
		<dateOfCommissioning/>
		<dateOfDecommissioning>2015-04-18</dateOfDecommissioning>
	</site>
	<site>
		<name>Site 5</name>
		<address>Address 5</address>
		<location>South West</location>
		<status>DECOMMISSIONED</status>
		<dateOfCommissioning/>
		<dateOfDecommissioning>2015-04-19</dateOfDecommissioning>
	</site>
	<site>
		<name>Site 6</name>
		<address>Address 6</address>
		<location>South West</location>
		<status>DECOMMISSIONED</status>
		<dateOfCommissioning/>
		<dateOfDecommissioning>2015-04-20</dateOfDecommissioning>
	</site>
	<site>
		<name>Site 7</name>
		<address>Address 7</address>
		<location>South West</location>
		<status>DECOMMISSIONED</status>
		<dateOfCommissioning/>
		<dateOfDecommissioning>2015-04-21</dateOfDecommissioning>
	</site>
	<site>
		<name>Site 8</name>
		<address>Address 8</address>
		<location>South West</location>
		<status>DECOMMISSIONED</status>
		<dateOfCommissioning/>
		<dateOfDecommissioning>2015-04-22</dateOfDecommissioning>
	</site>
	<site>
		<name>Site 9</name>
		<address>Address 9</address>
		<location>South West</location>
		<status>DECOMMISSIONED</status>
		<dateOfCommissioning/>
		<dateOfDecommissioning>2015-04-23</dateOfDecommissioning>
	</site>
	<site>
		<name>Site 10</name>
		<address>Address 10</address>
		<location>South West</location>
		<status>DECOMMISSIONED</status>
		<dateOfCommissioning/>
		<dateOfDecommissioning>2015-04-24</dateOfDecommissioning>
	</site>
	<site>
		<name>Site 11</name>
		<address>Address 11</address>
		<location>South West</location>
		<status>DECOMMISSIONED</status>
		<dateOfCommissioning/>
		<dateOfDecommissioning>2015-04-25</dateOfDecommissioning>
	</site>
	<site>
		<name>Site 12</name>
		<address>Address 12</address>
		<location>South West</location>
		<status>DECOMMISSIONED</status>
		<dateOfCommissioning/>
		<dateOfDecommissioning>2015-04-26</dateOfDecommissioning>
	</site>
	<site>
		<name>Site 13</name>
		<address>Address 13</address>
		<location>South West</location>
		<status>DECOMMISSIONED</status>
		<dateOfCommissioning/>
		<dateOfDecommissioning>2015-04-27</dateOfDecommissioning>
	</site>
	<site>
		<name>Site 14</name>
		<address>Address 14</address>
		<location>South West</location>
		<status>DECOMMISSIONED</status>
		<dateOfCommissioning/>
		<dateOfDecommissioning>2015-04-28</dateOfDecommissioning>
	</site>
	<site>
		<name>Site 15</name>
		<address>Address 15</address>
		<location>South West</location>
		<status>DECOMMISSIONED</status>
		<dateOfCommissioning/>
		<dateOfDecommissioning>2015-04-29</dateOfDecommissioning>
	</site>
	<site>
		<name>Site 16</name>
		<address>Address 16</address>
		<location>South West</location>
		<status>DECOMMISSIONED</status>
		<dateOfCommissioning/>
		<dateOfDecommissioning>2015-04-30</dateOfDecommissioning>
	</site>
	<site>
		<name>Site 17</name>
		<address>Address 17</address>
		<location>South West</location>
		<status>DECOMMISSIONED</status>
		<dateOfCommissioning/>
		<dateOfDecommissioning>2015-05-01</dateOfDecommissioning>
	</site>
	<site>
		<name>Site 18</name>
		<address>Address 18</address>
		<location>South West</location>
		<status>DECOMMISSIONED</status>
		<dateOfCommissioning/>
		<dateOfDecommissioning>2015-05-02</dateOfDecommissioning>
	</site>
	<site>
		<name>Site 19</name>
		<address>Address 19</address>
		<location>South West</location>
		<status>DECOMMISSIONED</status>
		<dateOfCommissioning/>
		<dateOfDecommissioning>2015-05-03</dateOfDecommissioning>
	</site>
	<site>
		<name>Site 20</name>
		<address>Address 20</address>
		<location>South West</location>
		<status>DECOMMISSIONED</status>
		<dateOfCommissioning/>
		<dateOfDecommissioning>2015-05-04</dateOfDecommissioning>
	</site>
	<site>
		<name>Site 21</name>
		<address>Address 21</address>
		<location>South West</location>
		<status>DECOMMISSIONED</status>
		<dateOfCommissioning/>
		<dateOfDecommissioning>2015-05-05</dateOfDecommissioning>
	</site>
	<site>
		<name>Site 22</name>
		<address>Address 22</address>
		<location>South West</location>
		<status>DECOMMISSIONED</status>
		<dateOfCommissioning/>
		<dateOfDecommissioning>2015-05-06</dateOfDecommissioning>
	</site>
	<site>
		<name>Site 23</name>
		<address>Address 23</address>
		<location>South West</location>
		<status>DECOMMISSIONED</status>
		<dateOfCommissioning/>
		<dateOfDecommissioning>2015-05-07</dateOfDecommissioning>
	</site>
	<site>
		<name>Site 24</name>
		<address>Address 24</address>
		<location>South West</location>
		<status>DECOMMISSIONED</status>
		<dateOfCommissioning/>
		<dateOfDecommissioning>2015-05-08</dateOfDecommissioning>
	</site>
	<site>
		<name>Site 25</name>
		<address>Address 25</address>
		<location>South West</location>
		<status>DECOMMISSIONED</status>
		<dateOfCommissioning/>
		<dateOfDecommissioning>2015-05-09</dateOfDecommissioning>
	</site>
	<site>
		<name>Site 26</name>
		<address>Address 26</address>
		<location>South West</location>
		<status>DECOMMISSIONED</status>
		<dateOfCommissioning/>
		<dateOfDecommissioning>2015-05-10</dateOfDecommissioning>
	</site>
</sites>